<?xml version="1.0" encoding="UTF-8" standalone="yes"?>
<addon id= repository.Matrix0 name= Matrtix version =1.0.0 provider-name="SEU_NOME_DE_USUARIO_AQUI">
    <extension point="xbmc.addon.repository" name= Natan 
        <dir>
            <info compressed="false">https://raw.githubusercontent.com//GKMatrix0/matrix0/master/zips/addons.xml</info>
            <checksum>https://raw.githubusercontent.com//GKMatrix0/matrix0REPOSITORIO_AQUI/master/zips/addons.xml.md5</checksum>
            <datadir zip="true">https://raw.githubusercontent.com/GKMatrix0/matrix0_REPOSITORIO_AQUI/master/zips/</datadir>
        </dir>
    </extension>
    <extension point="xbmc.addon.metadata">
        <summary>REPO Matrix addons do Matrix </summary>
        <description>RESUMO DE SEU REPO AQUI</description>
        <disclaimer></disclaimer>
        <platform>all</platform>
        <assets>
            <icon>icon.png</icon>
            <fanart>fanart.jpg</fanart>
        </assets>
    </extension>
</addon>