<?xml version="1.0" encoding="UTF-8" standalone="yes"?>
<addon id="plugin.video.Matrix play
       name=Matrix play "
       version="1.0.0"
       provider-name="Natan ">
  <requires>
    <import addon="xbmc.python" version="2.1.0"/>
	<import addon="script.module.t0mm0.common" version="2.0.0"/>
    <import addon="script.module.beautifulsoup" version="3.2.1"/>
    <import addon="script.module.simple.downloader" version="0.9.4"/>
    <import addon="script.module.beautifulsoup4" />
    <import addon="script.module.simple.downloader" version="0.9.4"/>
    <import addon="script.module.requests" />
    <import addon="script.module.httplib2" />
    <import addon="script.module.youtube.dl" optional="true"/>
    <import addon="plugin.video.youtube" version="3.0.0"/>
    <import addon="script.module.urlresolver" optional="true"/>
    <import addon="script.module.simplejson" /> 
    <import addon="script.common.plugin.cache" version="2.5.2"/>
    <import addon="script.module.metahandler" version="2.5.1"/>

  </requires>
  <extension point="xbmc.python.pluginsource" library="default.py">
    <provides>video</provides>
  </extension>
 <extension point/GKMatrix0/matrix0" name="Matrix play Exemplo">
	<info compressed="false"></info>
	<checksum></checksum>
	<datadir zip="true"></datadir>
  </extension>
  
  <extension point="xbmc.addon.metadata">
    <summary lang="en">Tenha o melhor conteudo no seu Kodi.</summary>
    <description lang="en">Addon Exemplo para ajudar na atualização de addon.</description>
     <disclaimer lang="en">Não fazemos parte da equipe do kodi, utilizamos links de terceiros, portanto não nos responsabilizamos por eles.</disclaimer>
	 	<news>V1.0.0 - Criação de Addon.</news>
    <platform>all</platform>
	<assets>
       <icon>icon.png</icon>
       <fanart>fanart.png</fanart>
    <screenshot>resources/screenshots/01.jpg</screenshot>
    <screenshot>resources/screenshots/02.jpg</screenshot>
    <screenshot>resources/screenshots/03.jpg</screenshot>

    </assets>
  </extension>
</addon>
